<idynomics>
 <simulation iterate="43" time="43.0" unit="hour">
<thickness domain="MyBiofilm" unit="um">
	<mean>111.42857142857143</mean>
	<stddev>62.71267669773078</stddev>
	<max>196.0</max>
</thickness>
<globalProductionRate>
<solute name="MyCOD" unit="g.hour">
-0.332554993335094</solute><solute name="pressure" unit="g.hour">
0.0</solute></globalProductionRate>
<bulk name="MyTank">
<solute name="MyCOD" unit="g.L-1">0.01</solute>
<solute name="pressure" unit="g.L-1">0.0</solute>
<uptake_rate name="MyCOD" unit="g.L-1.hour-1">0.0</uptake_rate>
<uptake_rate name="pressure" unit="g.L-1.hour-1">0.0</uptake_rate>
</bulk>

</simulation>
</idynomics>