<idynomics>
 <simulation iterate="0" time="0.0" unit="hour">
<thickness domain="MyBiofilm" unit="um">
	<mean>39.42857142857143</mean>
	<stddev>22.16082220533179</stddev>
	<max>68.0</max>
</thickness>
<globalProductionRate>
<solute name="MyCOD" unit="g.hour">
0.0</solute><solute name="pressure" unit="g.hour">
0.0</solute></globalProductionRate>
<bulk name="MyTank">
<solute name="MyCOD" unit="g.L-1">0.01</solute>
<solute name="pressure" unit="g.L-1">0.0</solute>
<uptake_rate name="MyCOD" unit="g.L-1.hour-1">0.0</uptake_rate>
<uptake_rate name="pressure" unit="g.L-1.hour-1">0.0</uptake_rate>
</bulk>

</simulation>
</idynomics>