<idynomics>
 <simulation iterate="11" time="11.0" unit="hour">
<thickness domain="MyBiofilm" unit="um">
	<mean>58.285714285714285</mean>
	<stddev>30.11271343144091</stddev>
	<max>100.0</max>
</thickness>
<globalProductionRate>
<solute name="MyCOD" unit="g.hour">
-0.20622008622878285</solute><solute name="pressure" unit="g.hour">
0.0</solute></globalProductionRate>
<bulk name="MyTank">
<solute name="MyCOD" unit="g.L-1">0.01</solute>
<solute name="pressure" unit="g.L-1">0.0</solute>
<uptake_rate name="MyCOD" unit="g.L-1.hour-1">0.0</uptake_rate>
<uptake_rate name="pressure" unit="g.L-1.hour-1">0.0</uptake_rate>
</bulk>

</simulation>
</idynomics>