<idynomics>
 <simulation iterate="28" time="28.0" unit="hour">
<thickness domain="MyBiofilm" unit="um">
	<mean>94.66666666666667</mean>
	<stddev>47.702783519995506</stddev>
	<max>156.0</max>
</thickness>
<globalProductionRate>
<solute name="MyCOD" unit="g.hour">
-0.2889863936133821</solute><solute name="pressure" unit="g.hour">
0.0</solute></globalProductionRate>
<bulk name="MyTank">
<solute name="MyCOD" unit="g.L-1">0.01</solute>
<solute name="pressure" unit="g.L-1">0.0</solute>
<uptake_rate name="MyCOD" unit="g.L-1.hour-1">0.0</uptake_rate>
<uptake_rate name="pressure" unit="g.L-1.hour-1">0.0</uptake_rate>
</bulk>

</simulation>
</idynomics>