<idynomics>
 <simulation iterate="66" time="66.0" unit="hour">
<thickness domain="MyBiofilm" unit="um">
	<mean>133.6</mean>
	<stddev>72.92443577658541</stddev>
	<max>228.0</max>
</thickness>
<globalProductionRate>
<solute name="MyCOD" unit="g.hour">
-0.3493984038836829</solute><solute name="pressure" unit="g.hour">
0.0</solute></globalProductionRate>
<bulk name="MyTank">
<solute name="MyCOD" unit="g.L-1">0.01</solute>
<solute name="pressure" unit="g.L-1">0.0</solute>
<uptake_rate name="MyCOD" unit="g.L-1.hour-1">0.0</uptake_rate>
<uptake_rate name="pressure" unit="g.L-1.hour-1">0.0</uptake_rate>
</bulk>

</simulation>
</idynomics>