<idynomics>
 <simulation iterate="60" time="60.0" unit="hour">
<thickness domain="MyBiofilm" unit="um">
	<mean>207.3939393939394</mean>
	<stddev>3.953819740678809</stddev>
	<max>212.0</max>
</thickness>
<globalProductionRate>
<solute name="MyCOD" unit="g.hour">
-1.9141393683151835</solute><solute name="pressure" unit="g.hour">
0.0</solute></globalProductionRate>
<bulk name="MyTank">
<solute name="MyCOD" unit="g.L-1">0.01</solute>
<solute name="pressure" unit="g.L-1">0.0</solute>
<uptake_rate name="MyCOD" unit="g.L-1.hour-1">0.0</uptake_rate>
<uptake_rate name="pressure" unit="g.L-1.hour-1">0.0</uptake_rate>
</bulk>

</simulation>
</idynomics>