<idynomics>
 <simulation iterate="22" time="22.0" unit="hour">
<thickness domain="MyBiofilm" unit="um">
	<mean>136.8</mean>
	<stddev>73.21101220234773</stddev>
	<max>252.0</max>
</thickness>
<globalProductionRate>
<solute name="MyCOD" unit="g.hour">
-0.39837161541574784</solute><solute name="pressure" unit="g.hour">
0.0</solute></globalProductionRate>
<bulk name="MyTank">
<solute name="MyCOD" unit="g.L-1">0.01</solute>
<solute name="pressure" unit="g.L-1">0.0</solute>
<uptake_rate name="MyCOD" unit="g.L-1.hour-1">0.0</uptake_rate>
<uptake_rate name="pressure" unit="g.L-1.hour-1">0.0</uptake_rate>
</bulk>

</simulation>
</idynomics>